uni,first_name,last_name,email
1,Hortense,Moncur,hmoncur0@stanford.edu
2,Rolando,Dagnan,rdagnan1@godaddy.com
3,Nike,Pim,npim2@tmall.com
4,Clarine,Kruschov,ckruschov3@mapquest.com
5,Ceil,Tethcote,ctethcote4@taobao.com
6,Marge,Rowet,mrowet5@flickr.com
7,Kip,Knightley,kknightley6@domainmarket.com
8,Crystie,McAlarney,cmcalarney7@uiuc.edu
9,Fons,Aspinwall,faspinwall8@mlb.com
10,Jaine,Bambridge,jbambridge9@reuters.com
